pid,scenario,dtmean,new,cur,dppt
286937,A1B,0.00,785.859276090909,785.859276090909,0.00
